,tweets
0,ya allah protect people fight identity still need sultan like salahudddin ayyubi gaza
1,gaza bombard israel gazaunderattack israeliattackonalaqsa alaqsaunderattack
2,guy literally pathetic jewish people earth palestinewillbefree gazaunderattack
3,pm imran khan pakistan would take live call today morning 2 pm pak time urge convey ur message ask
4,celebrate exo comeback please keep pray family members palestine heartbreak
5,e please take matter hand israel go uncontr
6,plan plan allah plan matter time allah patient stay strong pal
7,fan live rather language religion race problem whole humanity
8,live rather language religion race problem whole humanity fe
9,holy quran 85 8 mistreat belief allah mighty praiseworthy need
10,guy even scar print news shame gazaunderattack
11,2 sisters sit away windows cover light blanket even 22 give sense
12,even muslim make noise palestine thousands people leave homeless
13,tensions jerusalem fuel plan force expulsions palestinian families sheikh ja
14,heartbreaking cruel world savepalestine savesheikhjarrah
15,live rather language religion race problem whole humanity
16,israeli navy open fire sea north gaza strip gazaunderattack
17,lsrael terrorist state keep say gazaunderattack pass 510
18,baby humanity freepalastine aksadabask nvar isrealterror st palestinianlivesmatter
19,target area tel al hawa neighborhood west gaza city gazaunderattack gaza palestine
20,defend crime defend last breath insha allah either death victory path al
21,israel terrorist country savepalestine wakeupmuslimummah alaqsa
22,freedom palestine alaqsaunderattack aksayabask nvar savepalestine savesheikhjarrah
23,first things first let join together abolish oci palestinewillbefree palestine
24,ya allah please something alaqsa savepalestine
25,plz help palestine muslim brothers amp sister alaqsaunderattack savepalestine
26,yes happen palestine must stand palestine hand hand protect live chil
27,see israelis defend country know aware 20 people kill today 9
28,need muslim support palestine way need human alaqsaunderattack
29,home enjoy day people palestine lose live house close ones
30,hurt know happen savepalestine freepalestine savesheikhjarrah
31,tweet mental health alaqsaunderattack savepalestine savesheikhjarrah
32,cruelty palestine share savagery stay silent israeliattackonalaqsa savepalestine prayforpalestine
33,may allah protect masjid e aqsa palestine give us chance visit holy land prophets pray
35,preventinf conflict head do nothing unite nations palestine savepalestine
36,give sheikhs arabs bangels savepalestine palestinianlivesmatter savesheikhjarrah israeliterrorism
37,bts2 ya alllah protect palestinian brothers sisters freepalestine savepalestine savesheikhjarrah
40,photos show bite violence zionist gaza alaqsaunderattack
41,israel kill children human kill humanity f go call terrorist israel muslim
44,ya allah heart cry 2 billion muslims helpless spineless alaqsaunderattack gaza
47,isreal terrorist state base hatred supremacist ideologues palestinewillbefree
50,terrorism jerusalem reach highest point jews territorist goons cap another day violence
53,wild jews enemies humanity jewish crimes alaqsaunderattack
54,jews hide behind stone tree tree stone express muslim
55,truly hate helpless feel towards people cling life palestine fuck world leaders fo
57,maybank 564810507826 persatuan cinta gaza ref savealquds use least
58,whoever speak israeli atrocities israel inflict palestinians deserve
59,israeli solder kill innocent children families deprive muslims basic right pray peacefu
60,37 indiawithpalestine wakeupmuslimummah freepalestine badshah 95 follow 100 follow back
61,real face terrorism israel gazaunderattack alaqsamosque palestine gaza israelicrimes
62,muslim world must need unity wakeupmuslimummah
63,need sympathy need action humanity genocide commit palestine child
64,real face terrorism israel gazaunderattack alaqsamosque palestine gaza
65,1 8 billion lose 70 lac much shame muslim countries leader stop leaders act
66,gazaunderattack time wakeupmuslimummah save savepalestine oci
67,israel start air strike gaza still talk action take
68,ya allah protect masjidalaqsa brothers sisters palestine savesheikhjarrah savepalestine
70,today wakeupmuslimummah savesheikhjarrah jerusalem
71,palestine bleed masjideaqsaisbleeding 41 state islamic military alliance go
72,never think allah unaware wrongdoers delay day eye stare
73,israel country terrorist camp wakeupmuslimummah gaza attack palestinelivesmatter
74,pray palestinian gaza attack wakeupmuslimummah alaqsaunderattack
76,stop call clash israel terrorism israel airstrikesongaza kill 20 palestine include 9 chil
78,gen bajwa sab well train army take step forward isreal pakistan brave nation n
79,savepalestine need sympathy need action real face terrorist israhell gazaunderattack
80,wtf muslim know true objective al aqsa
81,astonishingly israel essentially fascist state netanyahoo thunk
82,israel always victim break record bullshit b trash mossad twice threat
83,intention honest sign recent call subject american tax
84,come israel use weapons massacre make believe nonsense image
85,gaza last night martyrdom children child kill regime israel 27 palestine israel
86,hell israel
87,tire gaslit think situation way conflict brutality oppression
88,never mind gazans hamas kill hamas talk 3 kid die
89,load bullshit israel right continue defend
90,put perspective ignorant people israel thing spain portugal
91,real world know really go play 3 monkey baby know rocket fire f
92,literally tweet hours israel bomb 9 children absolutely incredible time
93,israel
94,put perspective one side contingent israel foreign aid exist post co
95,commission map balkanize israel palestine
96,trump biden party cover israel commi
97,own condemn hamas fire 150 rocket civilian areas israel bad
98,zionism judaism like isis islam criticize israel anti semiti
99,please tell israel sit wait
100,tell difference blacklivesstillmatter palestine matter
102,eminyildirim sessiz kalma make whole world aware happen palestine freedom palestine
103,cruelty palestine share savagery stay silent israeliattackonalaqsa
104,two group come face face companion moses cry overtake sure moses say
105,freedom palestine palestine palestinewillbefree savesheikhjarrah mescidiaksa palestinianlivesmatter aksadabask nvar
107,ocean8 freedom palestine palestine palestinewillbefree savesheikhjarrah mescidiaksa palestinianlivesmatter aksadabask nvar
108,literally tag palestine find trend page others tag im
110,god bless palestine
111,try educate go palestine videos article
113,freedom palestine palestine palestinewillbefree savesheikhjarrah mescidiaksa
114,silence entire influencer community regard palestine deafen know focus
115,joe somebody come home point gun brute force remove
116,sicken palestine alaqsaunderattack apartheid israelicrimes
119,take action palestine send letter local mp aswell via
120,first israel attack retaliate 2nd unlike hamas strike indiscriminately harm al
123,own side use military grade weapons civilians hamas fire 150 missiles today
125,headline completely false hamas fire rocket school hospitals israel fire back
126,psssst hamas help seriously dudes insert popular resistan
127,condemn police brutalize palestinians jerusalem hamas launch hundreds rocket civilians
128,61 ylan7 neither group exist majority time portray map hamas found 1987
129,go hamas go hizbollah go nlfp maybe plo sprinkle
130,find disgust want hear condemnation hamas lis
131,realize group never would get traction ha
132,defend hamas shame
133,andrew yang mensch also despite people say great respect islam semitic people
134,sick tire leave try bunch palestinians hamas amp co attempt whitewash act
135,seem hamas us israel payroll amid global pressure fire fail rocket every us congr
136,hamas literally ones attack civilian target
137,crock sbs cycle violence start hamas rocket israel barbaric apartheid st
138,fundamental unavoidable reality hamas access weaponry israel h
139,condemn hamas
140,mashaallah one day palestine free israel inshallah may allah help palestinianmuslim ameen ya r
141,yaallah protect innocent palestinians ghafoor raheem ya allah madad palestinelivesmatter
142,ya allah mercy people palestine make strong let pray palastinian brothers
143,suhoor iftar peace palestinian brothers go brutality right n
144,support palestine human ya allah
145,ya allah need guidance
146,twt ya allah protect help palestine cruelty palestine sha
149,ya allah protect
150,ya allah grant oppressors guidance guidance wipe planet
151,ya allah give us good competent patriotic leaders level
152,ya allah bestow upon everlasting sabr everlasting faith like people palestine sheikhjarrah
153,zaba happy birthday bro may god shower common sense first abundant success love peace fro
154,ya allah save palestine gazaattack istandwithpalestine prayforpalestine gaza savepalestine
155,break heart first qibla burn ya allah please protect brothers sisters
156,ya allah protect brothers sisters around world face oppression
157,ya allah please protect brothers sisters around world face oppression savepalestine
158,ya allah protect brothers sisters around world face oppression madigujjar
159,ya allah protect help palestine cruelty palestine share savag
160,bollywoodfull druggies bad us
161,bollywoodfull druggies khanna last days live partner kick khiladikumar
162,good morning warriors people dream success people get every morning make happen
163,bollywoodfull druggies kill people
164,world know bollywoodfull druggies
165,say bollywoodfull druggies
166,har har mahadev justiceforsushantsinghrajput bollywoodfull druggies
167,bollywoodfull druggies liars
168,damn insane sushant rule hearts bollywoodfull druggies
169,bollywoodfull druggies
171,sushant short span career definitely ahead time brilliant mind bollywoodfull druggies
172,u still today change world boycott bullyweed druggist save next generations sushant rule ou
173,bollywoodfull druggies today tomorrow boycottbollywood
174,krutika x scenes embarassment go days golden era indian cinema bollywoodfull druggies
175,fr
176,treat youth icons role model deserve respect period bollywoodfull
177,bollywood commit suicide june 14 2020 rest hell bollywood bollywoodfull druggies
178,cobgratulations hit 200k tweet way go keep k
179,bollywoodfull druggies top bottom
180,arabs kill innocent wound turkish soldier first world war
181,maintain presence arabs first arrive 2600 years jews
182,human right watch grotesquely distort picture south african history amp current reality israel apartheid sys
183,bomb tel aviv bomb fall palestine yet keep say
184,jews exile israel part series result
185,sady crazy sound arabs today value bark teeth
186,fuck apartheid apologists radical us political idea arabs human
187,palestine islamic country arab israeli war grant egypt control gaza israel become nation
188,friedman arabs responsible violence begin attack ye
189,gazan may allah protect may allah open eye muslim rulers across globe especially arabs
190,arabs identity crisis internet
191,new publish campaign queen arabs true life story dubai
192,africa speak arabs systemic rap spread islam africa truly horrific humane
193,imply ben shapiro arabs like live open sewage rhetoric dehumanize
194,hell f ck arabs country able help phlestani muslim arab country
195,need erdogan whole muslim ummah need take strict action demolish al aqsa
196,feel embarrass non palestinian arab country watch happen happen ar
197,people stay silent displacement kurds cities irani militias iraqi force
198,country israel arabs sell soul already israelis n
199,hour2020 arabs busy jihad al nikah
200,fuck zionists fuck israeli settlers hope karma come every single one
201,roll face unmeasurable colonial violence liberal zionists love divorce curren
202,zionists terrorists
203,inherently skeptical anti zionists
204,well play choice word always afraid zionists never talk isra
205,zionists believe god give right kill palestinians include children
206,turkey pakistan support azerbaijan armenia must repeat sit bac
207,many us ny jews agreement zionists usually rich assholes
208,paste surprise say fuckt shit palestinians earlier year polit
209,catch camera lunatic idf terrorist throw grenade
210,hypocrisy zionists group enter al aqsa mosque tear clothe
211,zionists cowardly piece shit ive ever displeasure see daily commit act
212,keep momentum go social media much larger information horrors israel sp
213,scientist cry demand humanity incident kill george floyd shrink p
214,shahid al quds ghasem soleimani commander hamas qassam brigade soon dawn victory rise
215,universe islam damn zionists alaqsaunderattack savesheikhjarrah aksadabaskinvar mescidiaksa
216,curve hypocrisy yesterday applaud zionists scum moorish movements
217,love zionists shame word good enough
218,matter israelis waive palestinian right home land qudus rem
219,everyone ability use social media free run zionists make use
220,bbmastopsocial bts win bts pave way vote twt bbmastopsocial bbmastopsocial
221,n twt bts win vote dynamite bestmusicvideo 2021 iheartawards twt
222,mari sarapan dulu guy bts win vote twt bbmastopsocial
223,twt bts win vote btsarmy bestfanarmy 2021 iheartawards twt
224,vote twt bbmastopsocial bts pave way bts win win matter
225,twt bts win vote twt bbmastopsocial
226,bts2 twt teamwork make dream work kim namjoon kim seokjin min yoongi jung hoseok park jimin kim tae
227,bts win bts pave way vote twt bbmastopsocial
228,bearrr twt bts pave way bts win vote btsarmy btsarmy bestfanarmy 2021 iheartawards
229,name twt bts win vote twt bbmastopsocial
230,twt si bts win vote twt bbmastopsocial
231,bts win bbmastopsocial twt
232,bts win vote btsarmy bestfanarmy 2021 iheartawards twt
233,bts win vote twt bbmastopsocial
235,bearrr twt bts win bts pave way vote dynamite bestmusicvideo 2021 iheartawards twt
236,want get bts win vote twt bbmastopsocial bts
237,ungu2 kek rambut jeka bts win vote dynamite bestmusicvideo iheartawards twt
238,really love cancer moon like anyways vote twt bbmastopsocial btsarmy bts
239,twt bi n bts win vote twt bbmastopsocial
240,people throw dead body gang unable cremate country busy build
241,bihar decompose body suspect covid patients pile bank ganga buxar district
242,death death ganga yamuna leaders sena responsible make artificial shortage
243,abt ganga water get effect
244,100 dead body report covid fatalities dump ganga dead body find float ganga
245,covid horror india 40 150 dead body bloat amp discompose wash bank holy river ganga
246,people throw dead body gang unable cremate country busy buil
247,saw unblurred video ganga dead body ghastly understatement
248,cremation ground modi era new start pollute river throw away dead body due
249,another shock news several body decompose bloat suspect people succumb covid
251,river literally ganga
253,ganga ne muzhe bulaya hai ganga malign float body amp notorious bewafa son even tweet remorse
254,ganga covidindia modimustresign politicians resign n shut fu k let scientists figure
255,k al aqsa dead body bank ganga get 2 image head turn twist bed since 2
257,people throw dead body gang unable cremate country busy buildi
258,scariest part body bother identity cause death per
259,tradcn people throw dead body gang unable cremate country busy buildin
260,17 vote 17 bbmastopsocial
262,0613heaven twt vote twt bbmastopsocial
263,vote 17 bbmastopsocial
264,vote twt bbmastopsocial
265,14 vote bbmastopsocial
266,twt vote twt bbmastopsocial
268,vote 17 bbmastopsocial 17
269,vote go 17 bbmastopsocial
271,soccer basketball ball 7 10 vote twt bbmastopsocial
273,twt vote twt bbmastopsocial 203
274,vote bbmastopsocial
275,twt fb vote twt bbmastopsocial
276,bias wrecker vote twt bbmastopsocial
277,twt vote twt bbmastopsocial always seven
281,freedom palestine palestinewillbefree savesheikhjarrah palestinianlivesmatter
282,least tweet spread awareness quote
283,oci israel start air strike gaza still talk action take
284,least tweet spread awareness quote tag 4 mutuals continue c
285,taylor true legend choose stay silent gaza
288,need muslim stand palestine need human savepalestine savesheikhjarrah
291,freepalestine savesheikhjarrah exactly need cast thankyou anil
296,fact allah swt say one defeat except
298,right thing world call great democracies
300,jerusalem live street via
301,media always eat fascist shit jerusalem freepalestine gaza attack
302,one night come suddenly jerusalem gazaunderattack gaza gazze palestine palestinewillbefree
303,israel terrorist camp every citizen israel terrorist every supporter israel
304,muslim countries need stop suffice verbal condemnation start take action terrorists kno
305,california savesheikhjarrah jerusalem jerusalemuprising freepalestine savepalestine
306,jerusalem worry palestinian brothers israel soon tear apart remember way israel sp
307,understand full picture story look thread thank god social media plm sheikhjarrah
308,sad reality media gazaunderattack jerusalem palestine alaqsaunderattack
309,21st century masada time israel romans ethnic cleanse holy land
310,trump babylonians medes persian ottaman empire trans jordan rule jerusalem never palestinians bedouions egyp
311,austin texas protest solidarity sheikhjarrah gaza jerusalem palestine
313,world react way alaqsa israeliattackonalaqsa israelterroriststate
314,israelis celebrate al aqsa mosque fire look laughter joy face celebrate death
315,even house key older illegal israel sell house steal palestine
316,turkish arm force target identify position rocket attack convoy syria idlib leave one
317,violent clash jerusalem escalate dramatically gaza health officials say least 20 people includ
318,israel kill 9 innocent children past days children fight israel nothing bu
319,muslims r nt terrorists hard say 1 nt fst thy support terrorism pretext jihad nd
320,exo kpop kings back dont fight feel exo
321,exo 9 exo back exo come exo comeback exocomeback weareoneexo exo special album fight
322,fight feel exo weareoneexo dont fight feel
323,wish luck mau dana kak exo special album fight feel exo
324,exo kpop kings back dont fight feel exo weareoneexo
325,catnow format exo come exo 9 exo special album fight fee
326,amarelo exo kpop kings back exo dont fight feel
327,yung soon ni sehun today lahat grabe exo weareoneexo dont fight feel
328,hundred hyun exo back exo special album fight feelin
329,quatorze exo kpop kings back exo dont fight feel
330,exo fight feel exo kpop kings back exo dont fight feel
332,detail na lang sm ohhh exo special album fight feel exo dont fight feel
333,ga deal exo special album fight feel exo weareoneexo dont fight feel
335,ga deal exo special album fight feel exo dont fight feel
336,dois exo kpop kings back exo dont fight feel
337,exo special album fight feel exo weareoneexo dont fight feel
339,exo special album fight feel exo back exo nine exo comeback dont fight feel
340,arrestyogendrayadav yogendra yadav know rape say anything arrestyogendrayadav demand ar
341,include yogi amit modi list gather useless items arrestyogendrayadav
342,shame spineless muslim world shame islamic countries look way al aqsa ble
343,bjp cell dog bark early morning arrestyogendrayadav new narrative amp propaganda
344,arrestyogendrayadav immediately complicity amp deliberately hide heinous crime young girl
345,arrestyogendrayadav organise protest farmers violate covid protocols spread virus intention
346,celibate boyfriend threaten leave sex arrestyogendrayadav
347,arrest arrestyogendrayadav
348,enough swara sit ac room tweet twitter must join way farmers p
349,arrestyogendrayadav can dhonginetas public
350,happen arrestyogendrayadav link kh establish surprise
351,1 national remembrance day memory 200 million hindus slaughter foreign invasion
352,arrestyogendrayadav nothing surprise
353,support rapist must arrest arrestyogendrayadav
354,idiot also arrest kejriwal extremely corrupt danger country arrestyogendrayadav
355,man anti india danger country arrest immediately arrestyogendrayadav
356,arrest yogendra yadav immediately arrestyogendrayadav
358,arrestyogendrayadav police arrest yogendra yadav must book demand yogendra yadav rap
359,stop discredit farmer farmers movement movement tout rapists yogendrayadav
360,build grow wordpress website bluehost powerful domain host wordpress h
361,report account use hashtags like mucormycosis blackfungus spread hatred particular com
362,build grow wordpress website bluehost powerful domain host wordpress host rs 199 ecommer
363,good lord blackfungus prayforindia
364,increase number mucormycosis case fungal infection colloquially black fungus among patients recove
366,terrify twist covidindia covid19 blackfungus
367,new job quality analyst qa finance uttar pradesh company acadecraft private limit salary 20 000
368,sheesh could get worse blackfungus covid19
369,blackfungus indiastandswithisrael sure real issue tag trend make u
370,real blackfungus media house like integral part delhi ncr base godi media know
371,new job r1rcm hire ar analyst sr analyst graduate uttar pradesh company outpace consult service
372,next shit blackfungus mafia start
373,sir blackfungus one addition upcoming request hope help mucormycosis
374,novelvirus blackfungus event201 seem set go us live
375,new job java development internship odisha company ohhpro technologies private limit
376,peeka freedom speach freedom dress freedom think muslim sister
377,blackfungus sound like might want stop preach mask slip part stuff come
378,standard american diet promote disease obesity blackfungus lupus healthforall lupusawarenessmonth
379,spot blackfungus
380,gadkari plan cut road accident deaths half 4 years courtesy time india read
381,sir father gov hospital nagpur o2 support neet shift icu pvt hospital h
382,covid helpline cities mumbai nasik nagpur pune baroda surat delhi 91 9869503774 get immedia
383,mohit last time check 3 pune nashik amp nagpur municipal corporations
384,phenixjob nagpur maharashtra please suggest get rid scam without loss
385,men vulnerable covid 2nd wave
386,wilbro nagpur local election chaddi lose already
387,nri sanghies believe whatever come viswaguru mouth nagpur thes
388,sir father gov hospital nagpur o2 support neet shift icu pvt ho
389,men vulnerable covid 2nd wave time india
390,sos nagpur pls help guide injections need aunt wockhardt hospital ngp sha
391,sos nagpur pls help guide injections need aunt wockhardt hospital ngp
392,many nu colleges still call students campus despite covid
394,despite vax shortage priority give 2nd dose
395,distribution actually excess production storage oxygen eastern india areas
396,first day stricter curb full confusion vid via
397,covid happy hypoxia take toll youngsters via
398,every placard board urdu people dress slightly differently indian muslims na
399,respite nagpur dist see 66 decline covid case last 12 days via
400,live rather language religion race problem whole humanity f
401,complete work hitler leave unfinished together imam mehdi insha allah indiastandswithisrael
402,tw b0mbing completely terrify plz hit translate savepalestine gazaunderattack
403,square rectangle rectangle square freepalestine gazaunderattack israelicrimes
404,wakup muslims gazaunderattack
405,savesheikhjarrah call muslim world leaders alas salahuddinayyubi muslim ummah
406,freedom palestine gazaunderattack savepalestine savesheikhjarrah
408,leonardo dicaprio trend gaza tonight smh gazaunderattack
409,humanrights israel resources mr joebiden gazaunderattack freepalestine
410,muhammad ali 2016 protest palestine 1988 chicago gazaunderattack savepalestine
411,even palestinian children throw stone israeli soldier without fear sit country wa
412,israel kill 20 palestinians gaza include 9 kid wake muslim ummah savesheikhjarrah gazaunderattack
413,freedom palestine gazaunderattack savepalestine savesheikhjarrah palestinianlivesmatter
416,turkey president tayyip erdogan muslim president world call israel terrorist state aft
418,hope people remove blindfold eye realize happen palestine
420,dear muslim leaders please wake liberation al aqsa part im n al aqsa mosque director call
422,escalations seriously escalations clash terrorism massacre barbarism
423,ar israel murderer innocent people children savepalestine
426,please help support savepalestine add twibbon
429,sleep well savepalestine
432,meter away heavy airstrikes everywhere gaza palestinians families force home
433,palestine prayers tonight savepalestine
434,dekat malaysia penuh dengan bunyi mercun palestine live terror bomb
436,palestine palestinians free want see feel happy safe humanity
437,way save palestine jihad saddam hussein follow jews run hidi
439,savepalestine care religion race person kill children exclude someone
440,name ahsan pakistan supportgaza alaqsaunderattack
441,important human live alaqsaunderattack palestinianlivesmatter
442,srael biggest killer terroristisrael prayforpalestine alaqsaunderattack
443,israel country terrorist base palestine aksadabaskinvar alaqsaunderattack
444,mosque weapons fire apartheidisrael troop people pray turn art alaqsaunderattack
446,name semih turkey supportgaza alaqsaunderattack
448,r really despicable alaqsaunderattack aksadabaskinvar
449,terrorist please pray god protect palestinian brothers israeliattackonalaqsa
450,fault children alaqsaunderattack
451,last struggle end come israelites alaqsaunderattack aksadabask nvar
452,news 1933 19 die conflict german police jewish civilians alaqsaunderattack alaqsamosque
455,pray leave alone god sake alaqsaunderattack
457,hear qabr ke azaab cause know israelis go soon may allah grant jahannam
459,tire see oppression put position 5s imagine fight life fight
480,israel palestine perpetrate attack
481,deserve stupid israel play victim may allah protect brothers sisters gaza freepalestine
482,perhaps stop fire rocket israel
483,israel steal palestinians home try burn mosque chant death arabs
484,jerusalem belong israel
485,grandfather holocaust survivor atrocities experience unfathomable
486,stop ethnic cleanse people especially children victim attack also fuc
487,stand people israel really wish would sit though hell damn
488,specific international laws subject idk maybe reason people call israel criminal state
489,israel terrorist country israel
490,come kick home beat heck kill prayin
491,biggest thing stop last peace isnt even israel rather us always le
492,israel foot
493,hamas fatah terrorists ones try kill baby aim rocket cities rock
494,two determine factor decline israel first continue activities resistance palesti
495,interest muslim nation state supporters deny israel right maintain order national boundaries
496,rep ilhan omar accuse israel terrorism amid clash hamas
498,hey thing palestinians deserve live round let protect stone
499,leave israel alone meanwhile israeli force attack unarm civilians fast
500,wipe hamas palestine map evil terrorists supporters worldwide
502,freedom palestine gazaunderattack savepalestine savesheikhjarrah palestinianlivesmatter aksadabaskinvar
503,israeli settler shoot dead palestinian al lead city occupy palestine getunitedforpalestine palestine
504,cruelty palestine share savagery stay silent israeliattackonalaqsa savepalestine
505,realize people gaza palestine bombard one
507,freedom palestine palestine palestinewillbefree savesheikhjarrah palestinianlivesmatter
508,muslim religion world go anywhere leave anyone behind need
510,agu afraid islam last religion god palestine holy land r
511,children die palestine people see people
512,pray bother sisters palestine
513,map palestine 1843
518,dear tyson palestine terrorist israel attack women children indiscriminately
540,ya allah heart break kid
620,ww1995 twt bts win vote twt bbmastopsocial
622,twt bts win vote btsarmy bestfanarmy 2021 twt ihaertawards
624,bts twt cero dudas bts win bts world domination bts pave way vote twt bbmastopsocial
625,bearrr twt bts win bts pave way vote bts dynamite son sing deuk favechoreography iheartawards
660,3 vote twt bbmastopsocial
661,vote twt bbmastopsocial fotitos de namjoon
662,soy team purple jisoo vote bbmastopsocial
664,hi guy let vote vote twt bbmastopsocial
667,7 star sky fireflies earth shine sky echo earth bbmastopsocial twt
668,15 vote 17 bbmastopsocial
670,paket gue blm dateng vote twt bbmastopsocial
673,selesai 10 vote twt bbmastopsocial
674,twt home vote twt bbmastopsocial
675,ocho nueve diez vote bbmastopsocial
676,twt butter vote twt bbmastopsocial
677,buddy 17 vote 17 bbmastopsocial
678,2021 versions old songs wow 17 bbmastopsocial
679,foreverrain twt 86 vote twt bbmastopsocial
680,savesheikhjarrah end israeli apartheid war crimes carry palestinia
682,defend death child kind father human killerisrael
683,israel history criminal record gaza gazaunderattack savepalestine savesheikhjarrah
686,freedom palestine palestine palestinewillbefree savesheikhjarrah mescidiaksa palestinianlivesmatter aksadabaskinvar
689,need muslim stand palestine need human gazaunderattack
690,freedom palestine savesheikhjarrah mescidiaksa aksadabask nvar
693,remember anytime see news israel literally colonize palestinians map
696,bts2 say violence civilians children savesheikhjarrah aksadabaskinvar
697,speak talk brother sister vote anyone muslims
698,wrong savepalestine savesheikhjarrah gazaunderattack
701,first muslim leader say take action israel wakeupmuslimummah alaqsaunderattack
720,exo special album fight feel exo back exo come exo comeback king back
722,aproveita pra da play spotify exol exo kpop kings back dont fight feel exo
723,sehun exo kpop kings back exo fight feel exo dont fight feel
724,quatro exo kpop kings back exo dont fight feel
725,focus shift finals month kings back send help exo special album figh
728,link please exo dont fight feel
729,makasih buat ga nya exo comeback exo special album fight feel exo
731,exo comeback exo special album fight feel exo weareoneexo dont fight feel
734,exo special album fight feel exo weareoneexo
735,1st week preorders important however purchase albums right first week okay
737,exo exo kpop kings back dont fight feel exo
738,forexosneosluv exo come exo 9 exo back exo comeback exo special album fight
800,muslims ashamed allah forgive us protect palestinians masjid al aqsa gazaunderattack
820,palestine arab islamic al aqsa mosque zionist entity israel nothing
821,humanity ya allah please protect brothers sisters palestine ease pain nd suffe
822,style stfu savepalestine
824,urge armys use platforms awareness palestine need humanity use hashtags
830,new job reactjs developer kerala company agenter private limit salary 20 000 30 000 month
840,barbarism middle age free palestine savepalestine savesheikhjarrah
842,kiss33 savesheikhjarrah palestine freepalestine boycottisrael staystrongpalestine alaqsamosque
843,heart break news alaqsaunderattack may almighty safeguard people palestine sacred mosq
844,tweet chill wake jihad terrorist wish power alaqsaunderattack
846,israel manufacture emotions anger muslims every ramadan manipulate distort emo
847,terrorist israel alaqsaunderattack world silent srail terrorist israel
880,abc also fail report human right watch recent find israel commit crimes hum
881,omo israel go hell tbh
882,israel right say upside
883,kid moral equivalence country run terrorists support
884,right time powerful muslim countries could actually stop israel bed
885,declare personal support israel one thing invoke people nyc fellow ally yang pay sin
886,long go gaza 20 kill 9 children 95 injure 48 palestine 46 palestinian
887,actually current situation begin fire hamas israel
889,know lot feel adamantly get educate talk shit
890,hate surrender jewish ancestry disgust fascists lord arm jesus march u
891,break israeli settler terrorist shoot kill palestinian protester palestine jerusalem israel
892,bitxhhhh help least leverage israel way mean good nuclear
893,agree britain wrong end day jew
894,human right watch watcher jewish husband vp harris train well next heel beg course hum
895,need string treason zionazi schill palestinians every right defe
896,really israel want kill palestinian civilians unprovok
897,fuck israel
898,israel aqsa right big deal
900,account support palestine admit state israel
901,also fail report australian government intervention request israeli governmen
904,ya allah protect alaqsaunderattack savepalestine masjideaqsaisbleeding palestine
908,islamic leaders mute spectator find permanent solution issue help
910,stories palestine get 10 usual view shady business alllllll
916,unto others expect others unto palestine behave let sanity prevail among
917,prayers palestine
918,swear holy month ramadan enough enough whatever help allah help
921,hamas retaliate follow force eviction sh jarrah harassment innocent pray muslims
924,hamas care live palestinians shoot rocket jerusalem alm
942,actually give chill pain voice ya allah
1000,study show bully zionists improve health 10000x
1001,religion pray dance destruction others oh yes zionists mean devil
1020,people really think win paper award lmfao let vote dynamite
1021,vote twt bts win bbmastopsocial
1022,pl twt vote twt bbmastopsocial bts win
1023,ng em bts win vote twt bbmastopsocial
1065,girls vote bbmastopsocial
1069,twt vote twt bbmastopsocial 206
1073,votingteam 7 revolt blink vote bbmastopsocial
1078,jiminie vote twt bbmastopsocial
1083,live rather language religion race problem whole humanity people
1087,video israelis dance party masjid al aqsa burn boiledddd blood kind hum
1095,hope one day someone force home country feel feel
1100,justice peace endabrahamaccords palestine jerusalem palestina westernsahara
1120,exo comeback exo come exo special album fight feel exo
1123,drop tag kings comeback exo special album fight feel exo weareoneexo
1125,jongdae exo kpop kings back exo dont fight feel
1126,evolution exo logos finally get new one exo weareoneexo
1127,exo come exo back exo 9 exo comeback sehun chanyeol kyungsoo baekhyun kai xiu
1128,yep stream impt stream n get album free join adopt exol project
1129,exo special album fight feel exo dont fight feel
1130,exol iba talaga magspoil ang bunso exo special album fight feel exo weareoneexo
1131,cinco exo kpop kings back exo dont fight feel
1134,lay exo kpop kings back exo fight feel exo dont fight feel
1135,exoldier exo special album fight feel exo dont fight feel
1136,exo back exo come exo comeback exo 9 exo special album fight feel
1137,time exo special album fight feel exo
1138,exo kpop kings back exo dont fight feel
1139,sehun exo special album fight feel exo weareoneexo dont fight feel exo comeback exo 9
1200,khalid zionist terrorize innocent palestinians force ho
1201,human right matter kid live matter savesheikhjarrah
1202,effect destruction cause bomb build tel al hawa neighborhood west gaza ci
1203,palestinian mother bid farewell three children murder israeli occupation raid beit ha
1205,love quote tweet alaqsaunderattack alaqsa gazaunderattack sheikhjarrah
1208,attack alaqsamosque kill palestinians holy month ramadan israelis let launch
1210,levent gazaunderattack gazze
1220,pray palestine alaqsaunderattack freepalestine savepalestine alaqsamosque bds palestine
1221,may allah protect savepalestine savesheikhjarrah
1229,2 possible donate money paypal platforms individuals need find many
1243,black live matter farmers food wht abt palestine palestinian live matter justice peace
1280,israel terror occupy power kill arrest children
1281,pretty much tbh point israel self defence legitimacy use force gaza
1282,ind20 hell israel
1283,4 declare children israel scripture commit corruption earth twic
1284,israel nothing israel country
1285,sad uk politician ed miliband corbyn speak israel oppressive state
1286,support israel use like
1287,educate mr yang
1288,oh see saw zionist say anti semitic hate israel
1289,great irony people like spend time defend right palestine frankly
1290,israel occupy palestine vice versa occupier never
1291,go talk israel channel tonight
1292,israel biggest terrorist state terrorist israel soldier kill innocent people aksadabask nvar
1293,rashida really refuse condemn hamas send 150 unguided missiles
1294,nalexander un report btselem report hrw report overwhelm amount scholars
1295,make statement midst palestinians force home holy sit burn groun
1296,us aid israel pay
1297,peace come blood
1298,israel terrorism country
1299,yes 100 start shit use palestinians human shield go big disinformation
1301,save palestine
1302,freedom palestine savesheikhjarrah
1303,gon walk mind support support palestine care concern
1304,jimin1 alaqsaunderattack savepalestine palestine gazaunderattac
1308,cruelty palestine share savagery stay silent
1309,justice palestine savesheikhjarrah
1310,al aqsa mosque palestine need protection
1312,freedom palestine palestine palestinewillbefree savesheikhjarrah mescidiaksa palestinianlivesmatter
1313,even weeknd share story palestine
1314,savesheikhjarrah freepalestine need muslim stand palestine need
1315,stand one prayers palestine
1316,catholic organization support palestine fuck
1318,libs desperately wait barely two media cycle get palestine pray good ol days make fun caitlyn jenner
1320,heart tear stand hamas bits shoot rocket isr
1321,ilham hamas omar hairy ass
1324,nalexander hamas freedom fighters attack occupier gt condemn
1420,twt bts win vote twt bbmstopsocial
1421,mi pancito con mantequilla 3 bts pave way bts win vote twt bbmastopsocial
1460,twt nove vote twt bbmastopsocial
1467,4 jung hoseok vote twt bbmastopsocial
1469,1 reply 1 retweet 2 vote let go blink vote bbmastopsocial
1470,hecho mis tareas pero en fin bts ya gano vote twt bbmastopsocial
1471,vote bbmastopsocial revolt blink howyoulikethat
1474,want see happy win tsa vote let get bread armys vote twt
1475,vote 17 bbmastopsocial 19
1476,ngan bts twt vote twt bbmastopsocial
1477,four vote bbmastopsocial
1481,tkn7 freedom palestine palestine palestinewillbefree savesheikhjarrah mescidiaksa palestinianlivesmatter aksadabask nvar
1482,freedom palestine palestinian brothers palestine palestinewillbefree
1487,pink wash wash away ethnic cleanse yesterday protest oman savesheikhjarrah
1493,genocide need end long suffer palestinians need end savepalestine savesheikhjarrah freepalestine
1500,gaza attack 20 kill include 9 children 90 injure alaqsaunderattack palestinianslivesmatter
1520,exo come exo comeback exo special album fight feel
1522,exo back exo come exo special album fight feel exo
1524,id do bismillah exo special album fight feel
1526,os maiores exo kpop kings back exo fight feel exo dont fight feel
1528,doze exo kpop kings back dont fight feel exo
1530,premiums exo special album fight feel exo weareoneexo dont fight feel join k
1533,exo back exo come exo comeback exo 9 exo special album fight
1534,verde exo kpop kings back exo dont fight feel
1535,exo back exo come exo comeback exo special album fight feel king back
1537,exo back exo back dont fight feel suho exo weareoneexo
1538,chanyeol exo kpop kings back exo dont fight feel
1539,azul exo kpop kings back dont fight feel exo
1601,yaa allah protect palestine brothers sisters punish oppressor heinous crime aameen
1620,freedom palestine savepalestine alaqsamosque palestine palestinewillbefree savesheikhjarrah
1623,know go read thread literally many happen
1625,bear glad tide liberation caliph omar salahaddin caliph mus
1640,unitednationshumanrights isreal palestinewillbefree joebiden alaqsaunderattack gazaunderattack th
1641,bloodshed jerusalem babykiller israel force deport palestinian people al quds ou
1642,terrorist israel kill innocents palestine whole world silently watch include un
1643,one palestinians smile upon arrest interrogation israeli soldier happy defen
1646,ya allah mercy us defeat null palestinelivesmatter alaqsaunderattack israeliattackonalaqsa
1647,israel terror state understand anything power muslims world unite elimi
1649,muslim stand gaza need human alaqsaunderattack freepalestine prayforpalestine
1680,apartheid state israel insist know apartheid state want forget
1681,know need support families nyc residents condemn terroris
1682,fresh clash israel ahead jewish nationalist march bbc news via
1684,israel shoot rocket unprovoked palestinian territories target civilian populations
1686,real world know really go play 3 monkey baby know r
1687,america always lick israel asshole like see horrible things do
1689,update two afula residents lightly injure late monday night rioters pelt vehicle
1690,israel commit atrocities back us suppose stand around ignore freepalestine
1691,accord talmud humans jews children israel rest world gentile
1692,oomf go israel country hold back f1ght istg
1693,go cry palestine first missiles come gaza israel respond country would
1694,really know u stand w country israel sheer cruelty
1695,replace word israel nazigermany suddenly everything might start sound like bad stuff
1696,pray israel condone genocide saw chant women ch
1697,difference english german language tweet jerusalem tonight nothing short extraordi
1699,ik legit question probably consider us assume talk abo
1701,pray palestine gazaunderattack
1702,may rethink call non muslim friends simple share violation human ri
1703,need reevaluate friendship friends post anything palestine social med
1705,shame western medias choose report true condition palestine silence show fre
1706,get block tweet palestine really glad block dontneed zionist ass
1707,tbh weak prayer go muslim palestine everywhere else around world may
1709,bring bc genuinely see people watch video see happen palestine
1713,shoutout palestine mascaraed today
1719,remember traumatize first saw happen palestine ago little
1720,abrupt escalation hamas rocket target jerusalem israel retaliate
1722,except hamas genocidal death cult perfectly happy dead palestinians
1723,own well u see one pesky hamas hide 9 miles behind precious children
1740,yesss 2millions achieve new song saad lamjarred nady ya allah
1800,deliberately run palestinians shame settlers every right include right
1820,twt yooo regreso el follow bts win bts world domination vote twt bbmastopsocial
1822,voto 1695 bts win vote bts dynamite son sing deuk favechoreography iheartawards
1860,yunki bts twt vote twt bbmastopsocial
1861,votingteam blink vote website vote bbmastopsocial
1863,vote bts twt bbmastopsocial
1864,twt wing vote twtfor bbmastopsocial
1865,revolt blink vote bbmastopsocial
1866,vote 17 bbmastopsocial 20
1867,les pasa que jhoooooooooope vote twt bbmastopsocial
1871,votingteam 8 revolt blink vote bbmastopsocial
1872,twt vote twt bbmastopsocial 209
1874,vote dynamite bestmusicvideo 2021 iheartawards twt vote twt bbmastopsocial
1876,foreverrain twt 90 vote twt bbmastopsocial
1887,savesheikhjarrah savesheikhjarrah plm palastine save palestine
1921,exo kpop kings back exo fight feel exo dont fight feel
1924,exo 9 exo special album fight feel exocomeback exo weareoneexo dont fight feel
1925,monster exo kpop kings back exo dont fight feel
1929,exo fight feel exo dont fight feel
1930,oito exo kpop kings back exo dont fight feel
1932,dezessete exo kpop kings back exo dont fight feel
1933,awwwwwww exo special album fight feel exo specialalbum dont fight feel exo
1934,rosa exo kpop kings back exo dont fight feel
1935,eris eles estao vindo exo kpop kings back dont fight feel exo
1936,love shoot exo kpop kings back dont fight feel exo
1938,xiumin exo kpop kings back exo fight feel exo dont fight feel
1939,suho exo kpop kings back dont fight feel exo
2021,hundred hyun please include palestine prayers
2022,lot media coverage happen palestine support israel
2023,update thank much freepalestine savesheikhjarrah savepalestine
2026,even celebrate sick savepalestine alaqsaunderattack
2028,cry may allah protect palestine savepalestine malaysia
2041,dear muslim leaders atleast take baby step like towards al aqsa wakeupmuslimummah israeliattackonalaqsa
2043,israel country terrorist base palestine alaqsaunderattack supportpalestine
2080,david ben gurion man admire write follow war diaries february 1948 3
2081,could joint force launch help gcc unrealistic due
2082,attack israel state clash media sell
2083,current situation palestine highly alarm muslim countries get unite stand
2084,r get order things wrong 1st israel occupy ille
2086,easy see much sidesyness israel palestine news
2088,beren would first time though go way beyond netanyahu large part israel
2089,4 hear israel lord god one lord 5 thou shalt love lord thy god thine heart
2090,dude americans stupid anymore aware terrorist state israel
2091,think give israel right occupy sovereign country murder civilians
2092,jerusalem capital palestine israel terrorist organization state
2094,struggle justice leader struggle visit death camp fueh
2095,jews europe scum dump palestine west want give chance let th
2096,get music fan sit see like heroes nazis love target
2097,fuck israel fuck israelis special fcking place hell
2098,disgust
2099,western world spell zionism amp result complete capitulation western msm outlet
2100,whenever persecution muslims begin palestine miss edward say much write sour
2101,20 palestinians kill gaza include 9 children getunitedforpalestine palestine
2119,muslim oomfs huge possibility tonight laylatul qadr please keep palestine duas tonight
2120,c hamas get kill innocents kill
2121,power struggle israeli zionist terrorists palestinian hamas terrorists
2122,satire suppose funny blood libel come kill children hamas long track
2180,inscho own post ww2 israel establish section palestinian land nonstop ever sinc
2181,horrible palestinians israeli arabs shoot fire work throw molotov cocktails jews lu
2182,fire set arabs shoot fireworks jews
2220,nuna v twt bts win vote twt bbmastopsocial
2223,min yoongi jung hoseok kim namjoon bts win vote twt bbmastopsociai bbmas2021
2240,appear slightly context bigger issue people unable secure ab
2260,twt map soul persona bbmastopsocial twt
2262,always save sadness vote twt bbmastopsocial
2263,good morning vote twt bbmastopsocial
2266,17 seventeen top social artist vote 17 bbmastopsocial
2267,vote bts twt bbmastopsocial bbmas
2270,blackpink twitter bot vote bbmastopsocial
2272,d1 7 vote bbmastopsocial
2273,coz love 7 boys much vote twt bbmastopsocial
2274,let fight pink revolt blink vote bbmastopsocial
2276,bon voyage season 4 jungkook hair much fun draw luscious vote twt bbmastopsocial
2277,vote 17 bbmastopsocial deserve know
2278,4227 thank vote bbmastopsocial
2279,vote valid two followers heck btw vote bts twt bbmastopsocial
2288,palestine israeli occupation warplanes kill 20 palestinians include 9 children injure 90
2289,hajyahia may allah strengthen faith religion islam may hearts always shroud
2290,whatever help savesheikhjarrah israeliattackonalaqsa
2292,least tweet spread awareness quote tag 4 mutuals continue ch
2297,
2300,take home give zionists extremists green light bother muslimd stop fr
2320,dezoito exo kpop kings back exo dont fight feel
2321,pre order dont fight feel start today target 2m
2324,th exo kpop kings back dont fight feel exo weareoneexo
2327,0408 exo comeback special album fight feel exo
2330,exo special album fight feel dont fight feel exo
2331,exo special album fight feel exo back exo come exo comeback kin
2332,exo king concept exo dont fight feel weareoneexo
2333,mama exo kpop kings back dont fight feel exo
2334,kor yes exo special album fight feel exo weareoneexo dont fight feel
2335,exo schedule release special album dont fight feel exo back
2336,nove exo kpop kings back exo dont fight feel
2337,bismillah bekasi exo special album fight feel exo weareoneexo
2338,universe exo kpop kings back dont fight feel exo
2400,gazaunderattack palestinian people pray arrival every day conde
2401,20 people kill speak please help please voice matter allahu akbar gazaunderattack
2402,save humanity gazaunderattack alaqsaunderattack savepalestine
2420,bts2 live rather language religion race problem whole humanity
2421,savepalestine whey muslim world put israeli demons keep quite anymore alaqsaunderattack
2422,ahuse saill ensri sen deme x mescidiaksa kud mescidiaksabask n freedom
2423,style reply savepalestine instead spread hate world
2425,happen rn palestine something stay silent please donate reliable link
2441,zionists celebrate kill oppression palestinians al aqsa compound burn sign opp
2442,ghazza live world see humans humanity wonder world complete sil
2443,alaqsaunderattack
2480,israel noisy jerk
2481,consider israel terrorist state part problem equally guilty kill innocent
2482,new york dem level ilhan omar propaganda israel
2484,advocacy kud always capital islam always everywhere muslims pray allah celle celaluhu
2485,okay fire israel first israel right defend attack
2486,clean hand 2 bully one economic house order
2487,blow mind many people actually buy spew palestinians today
2488,give israel egypt 3 5b year go war personal
2489,start israel downfall im
2490,smile people palestine arrest occupation force provoke political secur
2491,dude look evil humanity leave israel
2492,nope israel need stop shit end story
2493,give israel every year pay medicare
2494,post invade killer israel
2495,like fuck solution support israel oppression palestinians like light
2496,know jews arabs live prior international community
2497,defundisrael israel feed americans taxpayers give 4 000 000 000 yr military alone last covid relief
2498,naveed111 israel kill 20 palestinians include 9 children include four one family
2502,gaza plz qtkeast trend leaders would feel pressure send
2504,savesheikhjarrah whole ummah turkey stand palestine
2505,understand always mention nit muslims suffer palestine join
2508,struggle continue palestine liberate
2509,chuyaa freedom palestine palestinewillbefree savesheikhjarrah palestinianlivesmatter
2510,freedom palestine palestine palestinewillbefree
2511,also listen palestinian activists many palestine n part diaspora n consta
2513,know jannah wait believe jannah wait everyone palestine ever since
2516,cruelty palestine share savagery stay silent israeliattackonalaqsa mescidiaksa
2518,kookii cruelty palestine share savagery stay silent
2520,interest israeli friends disagree two side
2521,support hamas part principles
2522,yet go talk fact hamas literally launch rocket jerusalem hamas
2523,newsflash hon good guy another fundamentalist
2524,ur logic israel start kick people thier house terrori
2580,come conclusion arabs stop resort terrorism shed blood arab
2600,ww2 orchestrate zionists kaiser rothschild mean jews plan
2601,ok zionists get call terroists people problem call high school wheres energy
2602,cooperation muslims around pivot holy quds absolute nightmare zionists
2620,twt smile bts win vote twt bbmastopsocial
2621,bts win vote twt bbmastopsociai
2622,1606 twt bts win vote twt bbmastopsocial r nha
2624,vote cuteness bts win 1rt 1vote vote twt bbmastopsocial
2625,smile beautiful bts win vote twt bbmastopsocial
2661,keep widen gap vote twt bbmastopsocial
2662,twt jung hoseok vote twt bbmastopsocial
2664,v vote bbmastopsocial laban pilipinas
2666,vote na guy bbmastopsocial
2667,votingteam 9 revolt blink vote bbmastopsocial
2668,help reach 100 followers blink make 2nd acc pink thank revolt blink vote fo
2669,good luck boys vote 17 bbmastopsocial
2670,fancafe 17 vote go 17 bbmastopsocial
2675,rise p pop kings tin laban pilipinas vote bbmastopsocial
2676,16 vote bbmastopsocial
2678,blackpink vote bbmastopsocial
2680,al aqsa mosque third holiest place makkah medina pray people palestine
2688,vmin live rather language religion race problem whole humanity
2690,savesheikhjarrah brave people
2693,stop extremist savesheikhjarrah
2720,fight feel exo kpop kings back dont fight feel exo
2721,dezenove exo kpop kings back exo dont fight feel
2722,like retweet tweet exo special album fight feel exo weareoneexo
2723,vermelho exo kpop kings back dont fight feel exo
2725,cb thank ga exo special album fight feel exo weareoneexo dont fight feel
2726,onze exo kpop kings back exo dont fight feel
2727,kai exo kpop kings back exo dont fight feel
2729,love trend list dont fight feel exo
2731,quatorze exo kpop kings back dont fight feel exo
2732,seamos moot 3 exo special album fight feel exo weareoneexo
2733,ahhhhhhhh exo special album fight feel weareoneexo exo dont fight feel
2734,e x special album fight feel exo weareoneexo dont fight feel
2735,chen exo kpop kings back dont fight feel exo
2737,laranja exo kpop kings back exo dont fight feel
2739,damage exo kpop kings back dont fight feel exo
